"id","tip"
1,"Ensure the lamb is tender before adding the yogurt mixture."
2,"Serve with a side of fresh salad to balance the richness of the dish."
3,"Can substitute lamb with chicken for a different flavor."
4,"Cut the pastry before baking to make serving easier."
5,"Ensure the syrup is hot when poured over the cooled pastry to absorb properly."
6,"Can add clove or cardamom to the syrup for extra flavor."
7,"Add chili flakes for a spicy kick."
8,"Can be made ahead and reheated, enhancing the flavors."
9,"Perfect as a vegetarian main course."
10,"Ensure the rice is not overcooked as it will bake further in the oven."
11,"Can use a mix of seafood like shrimp and scallops."
12,"Top with cheese for the last 10 minutes of baking for a melty crust."
13,"Keep the phyllo dough covered with a damp towel while working to prevent it from drying out."
14,"Add onions to the spinach mixture for extra flavor."
15,"Serve with yogurt for breakfast or a light lunch."
16,"Check water level during cooking and add more if needed to prevent sticking."
17,"Can be served with pickled vegetables for added flavor."
18,"Leftovers taste even better the next day as flavors meld."
19,"Do not underbake the cake; ensure it is fully set to absorb the syrup."
20,"Pierce the cake with a fork before pouring syrup to enhance absorption."
21,"Serve with a dollop of whipped cream or vanilla ice cream."
22,"Use short-grain rice for better stickiness and forming."
23,"Add finely chopped onions to the rice mixture for extra flavor."
24,"Serve with plain yogurt or tzatziki for dipping."
25,"Ensure the grill is very hot before adding vegetables to get good sear marks."
26,"Can be served as a side dish or as a vegetarian main course."
27,"Drizzle with balsamic vinegar before serving for added flavor."
28,"Always use fresh mussels for the best flavor."
29,"Discard any mussels that do not open after cooking."
30,"Add a pinch of chili flakes for a spicy version."
31,"Do not press down on the patties while grilling to keep the juices inside."
32,"For extra flavor, add a slice of bacon on top of the cheese."
33,"Use high-quality meat with a bit of fat for juicier patties."
34,"Keep all ingredients, especially the butter and water, cold when making the crust."
35,"Let the pie cool for at least 20 minutes after baking to set the filling."
36,"Sprinkle a little sugar on top of the crust before baking for a sweet crunch."
37,"Keep the oil temperature consistent for the best results."
38,"Add a bit of hot sauce to the egg wash for a spicy kick."
39,"Let the chicken rest for a few minutes after frying for extra crispiness."
40,"For extra creamy macaroni, add a dollop of cream cheese to the sauce."
41,"Use a mix of different cheeses for more depth of flavor."
42,"Add cooked bacon or ham for a heartier dish."
43,"Let the ribs marinate with the dry rub overnight for deeper flavor."
44,"Keep a water pan in the grill to maintain moisture during the final grilling."
45,"Apply multiple layers of barbecue sauce for a richer flavor."
46,"Do not overmix the batter to keep pancakes fluffy."
47,"Add blueberries or chocolate chips to the batter for variety."
48,"Test griddle temperature with a small amount of batter; it should sizzle."
49,"Chill the dough for 30 minutes before baking to prevent spreading."
50,"Use a combination of chocolate chip types (milk, dark, white) for extra flavor."
51,"Store cookies in an airtight container to keep them soft."
52,"Add a slice of avocado or a fried egg to elevate this classic sandwich."
53,"Use thick-cut bacon for more texture and flavor."
54,"Toast the bread lightly to keep it from getting soggy from the tomato."
55,"Do not let the chowder boil after adding the cream to prevent curdling."
56,"For a thicker chowder, mash some of the potatoes slightly before adding the cream."
57,"Enhance the flavor by adding a bay leaf during simmering."
58,"Do not overmix the batter to keep the brownies fudgy."
59,"Add nuts like walnuts or pecans for a crunchy texture."
60,"Serve warm with a scoop of ice cream for a decadent dessert."
61,"Chill the vegetables before preparing for a refreshing starter."
62,"Serve alongside a loaf of crusty bread."
63,"Add roasted red peppers for additional flavor and color."
64,"Serve with a side of Bulgarian bread or over cooked rice."
65,"Adjust the amount of paprika to taste for a spicier version."
66,"Can be made ahead and reheated, as it tastes even better the next day."
67,"Keep phyllo dough covered with a damp towel to prevent drying out."
68,"Serve with plain yogurt or a hot drink for a traditional breakfast."
69,"Add spinach or leeks to the filling for a variation."
70,"Do not overcrowd the fryer to maintain a consistent temperature."
71,"Serve immediately while hot for the best texture."
72,"Experiment with savory versions by adding cheese or garlic to the dough."
73,"Let the musaka sit for 10-15 minutes after baking to firm up for easier serving."
74,"Add a layer of sautéed onions and carrots for extra flavor and moisture."
75,"Serve with a side salad of cucumbers and tomatoes."
76,"Serve very cold for a refreshing summer dish."
77,"Add ice cubes just before serving to keep it chilled."
78,"Experiment with adding other herbs like mint for a different flavor profile."
79,"Ensure the syrup is hot when poured over to soak the kadaif thoroughly."
80,"Allow the kadaif to sit for several hours to fully absorb the syrup and enhance the flavors."
81,"Serve with a dollop of whipped cream or a scoop of ice cream."
82,"Serve with a side of tomato slices or olives."
83,"For extra flavor, add a sprinkle of paprika or black pepper on the cheese before broiling."
84,"Ensure the bread is toasted first to prevent it from becoming soggy."
85,"Make sure each sponge layer is cooled before applying ganache."
86,"If the ganache is too runny, chill it before spreading on the cake layers."
87,"Decorate with walnut pieces or chocolate shavings for an elegant finish."
88,"Ensure the cabbage leaves are not ripped to prevent filling from leaking out."
89,"Add a bit of smoked meat to the pot for a deeper flavor."
90,"Serve with a dollop of yogurt or sour cream."
91,"Use high-quality beef for the best texture."
92,"Do not let the sour cream boil to prevent curdling."
93,"Serve with a side of pickles for an authentic Russian experience."
94,"Ensure each layer is evenly rolled to cook uniformly."
95,"The cake tastes better after it soaks overnight, plan accordingly."
96,"Use a serrated knife for easier slicing of the soft layers."
97,"Adjust the amount of vinegar and sugar to balance the sweetness and acidity."
98,"Can be served with a slice of rye bread."
99,"Add a beef bone to the pot for extra flavor."
100,"Make sure to seal the dumplings well to prevent them from opening while boiling."
101,"Pelmeni can be frozen for future use before boiling."
102,"Serve with vinegar or mustard for added flavor."
103,"Ensure the tvorog is well-drained to make the patties easier to form."
104,"Adjust the amount of flour to achieve the desired thickness."
105,"Try different jams as toppings for variety."
106,"For a richer flavor, toast the groats in a dry pan before boiling."
107,"Can be served with sautéed onions for added taste."
108,"Excellent base for adding vegetables or meat for a heartier meal."
109,"Allow the dough to rest before rolling for easier handling."
110,"Adjust spice amounts to taste."
111,"The icing sets better if cookies are completely cool."
112,"Use a silicone mat for easier removal after drying."
113,"Experiment with different fruit purées for variety."
114,"Ensure the mixture is very stiff before piping to maintain shape."
115,"Dice all ingredients to the same size for a uniform texture."
116,"Can be made a day ahead to enhance the flavors."
117,"Add a little mustard to the mayonnaise for extra zest."
118,"Using a mix of pork and beef can enhance the flavor."
119,"Serve with rye bread for an authentic Russian meal."
120,"Add a splash of vinegar or lemon juice for added zest."
